gate,logic,A,B,k,tumour_coverage,worst_normal_leak,worst_group,vital_leak,vital_group,strict_leak,strict_group,regen_leak,pseudobulk_leak,bulk_trap_gap,not_arm_falsifiable,not_arm_detect,audited_vital,unaudited_vital,leak_is_upper_bound,verdict,selective,protein_copositivity_status,transcript_only,multiple_testing_control
SDC1 AND EPHB4,AND,SDC1,EPHB4,2,0.004,0.09,IgA plasma cell@kidney,0.015,skeletal_myocyte@bone marrow,0.09,IgA plasma cell@kidney,0.013,0.012,-0.079,True,,"['adrenal_cortical', 'cardiomyocyte', 'kidney_podocyte', 'kidney_tubule', 'neuron', 'pancreatic_islet', 'skeletal_myocyte']",[],True,NON-SELECTIVE (insufficient tumour coverage),False,NO_SINGLECELL_PROTEIN_DATA,True,held-out-donor replication DEFERRED (next pass) — treat selective as DISCOVERY shortlist
EPHB4 AND MET,AND,EPHB4,MET,2,0.003,0.09,IgA plasma cell@kidney,0.029,skeletal_myocyte@bone marrow,0.09,IgA plasma cell@kidney,0.007,0.011,-0.079,True,,"['adrenal_cortical', 'cardiomyocyte', 'kidney_podocyte', 'kidney_tubule', 'neuron', 'pancreatic_islet', 'skeletal_myocyte']",[],True,NON-SELECTIVE (insufficient tumour coverage),False,NO_SINGLECELL_PROTEIN_DATA,True,held-out-donor replication DEFERRED (next pass) — treat selective as DISCOVERY shortlist
EPHB4 AND FOLR1,AND,EPHB4,FOLR1,2,0.002,0.09,IgA plasma cell@kidney,0.029,skeletal_myocyte@bone marrow,0.09,IgA plasma cell@kidney,0.003,0.01,-0.08,True,,"['adrenal_cortical', 'cardiomyocyte', 'kidney_podocyte', 'kidney_tubule', 'neuron', 'pancreatic_islet', 'skeletal_myocyte']",[],True,NON-SELECTIVE (insufficient tumour coverage),False,NO_SINGLECELL_PROTEIN_DATA,True,held-out-donor replication DEFERRED (next pass) — treat selective as DISCOVERY shortlist
EPHB4 AND NECTIN4,AND,EPHB4,NECTIN4,2,0.002,0.09,IgA plasma cell@kidney,0.015,skeletal_myocyte@bone marrow,0.09,IgA plasma cell@kidney,0.001,0.01,-0.08,True,,"['adrenal_cortical', 'cardiomyocyte', 'kidney_podocyte', 'kidney_tubule', 'neuron', 'pancreatic_islet', 'skeletal_myocyte']",[],True,NON-SELECTIVE (insufficient tumour coverage),False,NO_SINGLECELL_PROTEIN_DATA,True,held-out-donor replication DEFERRED (next pass) — treat selective as DISCOVERY shortlist
EPHB4 AND PROM1,AND,EPHB4,PROM1,2,0.001,0.09,IgA plasma cell@kidney,0.015,skeletal_myocyte@bone marrow,0.09,IgA plasma cell@kidney,0.001,0.01,-0.08,True,,"['adrenal_cortical', 'cardiomyocyte', 'kidney_podocyte', 'kidney_tubule', 'neuron', 'pancreatic_islet', 'skeletal_myocyte']",[],True,NON-SELECTIVE (insufficient tumour coverage),False,NO_SINGLECELL_PROTEIN_DATA,True,held-out-donor replication DEFERRED (next pass) — treat selective as DISCOVERY shortlist
EPHB4 AND MSLN,AND,EPHB4,MSLN,2,0.001,0.09,IgA plasma cell@kidney,0.015,skeletal_myocyte@bone marrow,0.09,IgA plasma cell@kidney,0.001,0.01,-0.08,True,,"['adrenal_cortical', 'cardiomyocyte', 'kidney_podocyte', 'kidney_tubule', 'neuron', 'pancreatic_islet', 'skeletal_myocyte']",[],True,NON-SELECTIVE (insufficient tumour coverage),False,NO_SINGLECELL_PROTEIN_DATA,True,held-out-donor replication DEFERRED (next pass) — treat selective as DISCOVERY shortlist
ITGB4 AND CLDN6,AND,ITGB4,CLDN6,2,0.001,0.09,IgA plasma cell@kidney,0.015,skeletal_myocyte@bone marrow,0.09,IgA plasma cell@kidney,0.001,0.013,-0.077,True,,"['adrenal_cortical', 'cardiomyocyte', 'kidney_podocyte', 'kidney_tubule', 'neuron', 'pancreatic_islet', 'skeletal_myocyte']",[],True,NON-SELECTIVE (insufficient tumour coverage),False,NO_SINGLECELL_PROTEIN_DATA,True,held-out-donor replication DEFERRED (next pass) — treat selective as DISCOVERY shortlist
EPHB4 AND CLDN18,AND,EPHB4,CLDN18,2,0.0,0.09,IgA plasma cell@kidney,0.015,skeletal_myocyte@bone marrow,0.09,IgA plasma cell@kidney,0.001,0.01,-0.08,True,,"['adrenal_cortical', 'cardiomyocyte', 'kidney_podocyte', 'kidney_tubule', 'neuron', 'pancreatic_islet', 'skeletal_myocyte']",[],True,NON-SELECTIVE (insufficient tumour coverage),False,NO_SINGLECELL_PROTEIN_DATA,True,held-out-donor replication DEFERRED (next pass) — treat selective as DISCOVERY shortlist
EPHB4 AND ROR1,AND,EPHB4,ROR1,2,0.0,0.09,IgA plasma cell@kidney,0.015,skeletal_myocyte@bone marrow,0.09,IgA plasma cell@kidney,0.001,0.01,-0.08,True,,"['adrenal_cortical', 'cardiomyocyte', 'kidney_podocyte', 'kidney_tubule', 'neuron', 'pancreatic_islet', 'skeletal_myocyte']",[],True,NON-SELECTIVE (insufficient tumour coverage),False,NO_SINGLECELL_PROTEIN_DATA,True,held-out-donor replication DEFERRED (next pass) — treat selective as DISCOVERY shortlist
ITGB4 AND NECTIN4,AND,ITGB4,NECTIN4,2,0.004,0.1,respiratory goblet cell@lung,0.015,skeletal_myocyte@bone marrow,0.1,respiratory goblet cell@lung,0.001,0.01,-0.09,True,,"['adrenal_cortical', 'cardiomyocyte', 'kidney_podocyte', 'kidney_tubule', 'neuron', 'pancreatic_islet', 'skeletal_myocyte']",[],True,NON-SELECTIVE (insufficient tumour coverage),False,NO_SINGLECELL_PROTEIN_DATA,True,held-out-donor replication DEFERRED (next pass) — treat selective as DISCOVERY shortlist
EPHB4 AND CLDN6,AND,EPHB4,CLDN6,2,0.0,0.104,epithelial cell of lung@lung,0.015,skeletal_myocyte@bone marrow,0.104,epithelial cell of lung@lung,0.003,0.01,-0.094,True,,"['adrenal_cortical', 'cardiomyocyte', 'kidney_podocyte', 'kidney_tubule', 'neuron', 'pancreatic_islet', 'skeletal_myocyte']",[],True,NON-SELECTIVE (insufficient tumour coverage),False,NO_SINGLECELL_PROTEIN_DATA,True,held-out-donor replication DEFERRED (next pass) — treat selective as DISCOVERY shortlist
ITGB4 AND EPHB4,AND,ITGB4,EPHB4,2,0.004,0.105,lung microvascular endothelial cell@lung,0.015,skeletal_myocyte@bone marrow,0.105,lung microvascular endothelial cell@lung,0.001,0.01,-0.095,True,,"['adrenal_cortical', 'cardiomyocyte', 'kidney_podocyte', 'kidney_tubule', 'neuron', 'pancreatic_islet', 'skeletal_myocyte']",[],True,NON-SELECTIVE (insufficient tumour coverage),False,NO_SINGLECELL_PROTEIN_DATA,True,held-out-donor replication DEFERRED (next pass) — treat selective as DISCOVERY shortlist
TACSTD2 AND EPHB4,AND,TACSTD2,EPHB4,2,0.005,0.111,brush cell of trachebronchial tree@lung,0.015,skeletal_myocyte@bone marrow,0.111,brush cell of trachebronchial tree@lung,0.001,0.01,-0.101,True,,"['adrenal_cortical', 'cardiomyocyte', 'kidney_podocyte', 'kidney_tubule', 'neuron', 'pancreatic_islet', 'skeletal_myocyte']",[],True,NON-SELECTIVE (insufficient tumour coverage),False,NO_SINGLECELL_PROTEIN_DATA,True,held-out-donor replication DEFERRED (next pass) — treat selective as DISCOVERY shortlist
ERBB3 AND EPHB4,AND,ERBB3,EPHB4,2,0.004,0.111,brush cell of trachebronchial tree@lung,0.029,skeletal_myocyte@bone marrow,0.111,brush cell of trachebronchial tree@lung,0.009,0.011,-0.1,True,,"['adrenal_cortical', 'cardiomyocyte', 'kidney_podocyte', 'kidney_tubule', 'neuron', 'pancreatic_islet', 'skeletal_myocyte']",[],True,NON-SELECTIVE (insufficient tumour coverage),False,NO_SINGLECELL_PROTEIN_DATA,True,held-out-donor replication DEFERRED (next pass) — treat selective as DISCOVERY shortlist
EPHB4 AND ERBB3,AND,EPHB4,ERBB3,2,0.004,0.111,brush cell of trachebronchial tree@lung,0.029,skeletal_myocyte@bone marrow,0.111,brush cell of trachebronchial tree@lung,0.009,0.011,-0.1,True,,"['adrenal_cortical', 'cardiomyocyte', 'kidney_podocyte', 'kidney_tubule', 'neuron', 'pancreatic_islet', 'skeletal_myocyte']",[],True,NON-SELECTIVE (insufficient tumour coverage),False,NO_SINGLECELL_PROTEIN_DATA,True,held-out-donor replication DEFERRED (next pass) — treat selective as DISCOVERY shortlist
EPHB4 AND CDH1,AND,EPHB4,CDH1,2,0.004,0.111,brush cell of trachebronchial tree@lung,0.029,skeletal_myocyte@bone marrow,0.111,brush cell of trachebronchial tree@lung,0.009,0.012,-0.099,True,,"['adrenal_cortical', 'cardiomyocyte', 'kidney_podocyte', 'kidney_tubule', 'neuron', 'pancreatic_islet', 'skeletal_myocyte']",[],True,NON-SELECTIVE (insufficient tumour coverage),False,NO_SINGLECELL_PROTEIN_DATA,True,held-out-donor replication DEFERRED (next pass) — treat selective as DISCOVERY shortlist
EPHB4 AND CEACAM5,AND,EPHB4,CEACAM5,2,0.002,0.111,brush cell of trachebronchial tree@lung,0.015,skeletal_myocyte@bone marrow,0.111,brush cell of trachebronchial tree@lung,0.001,0.01,-0.101,True,,"['adrenal_cortical', 'cardiomyocyte', 'kidney_podocyte', 'kidney_tubule', 'neuron', 'pancreatic_islet', 'skeletal_myocyte']",[],True,NON-SELECTIVE (insufficient tumour coverage),False,NO_SINGLECELL_PROTEIN_DATA,True,held-out-donor replication DEFERRED (next pass) — treat selective as DISCOVERY shortlist
ITGB4 AND PROM1,AND,ITGB4,PROM1,2,0.006,0.127,acinar cell@lung,0.015,skeletal_myocyte@bone marrow,0.127,acinar cell@lung,0.001,0.017,-0.109,True,,"['adrenal_cortical', 'cardiomyocyte', 'kidney_podocyte', 'kidney_tubule', 'neuron', 'pancreatic_islet', 'skeletal_myocyte']",[],True,NON-SELECTIVE (insufficient tumour coverage),False,NO_SINGLECELL_PROTEIN_DATA,True,held-out-donor replication DEFERRED (next pass) — treat selective as DISCOVERY shortlist
ERBB2 AND ROR1,AND,ERBB2,ROR1,2,0.001,0.127,epithelial cell of lung@lung,0.029,cardiomyocyte@heart,0.127,epithelial cell of lung@lung,0.001,0.035,-0.092,True,,"['adrenal_cortical', 'cardiomyocyte', 'kidney_podocyte', 'kidney_tubule', 'neuron', 'pancreatic_islet', 'skeletal_myocyte']",[],True,NON-SELECTIVE (insufficient tumour coverage),False,NO_SINGLECELL_PROTEIN_DATA,True,held-out-donor replication DEFERRED (next pass) — treat selective as DISCOVERY shortlist
MUC1 AND EPHB4,AND,MUC1,EPHB4,2,0.004,0.133,brush cell of trachebronchial tree@lung,0.015,skeletal_myocyte@bone marrow,0.133,brush cell of trachebronchial tree@lung,0.001,0.01,-0.123,True,,"['adrenal_cortical', 'cardiomyocyte', 'kidney_podocyte', 'kidney_tubule', 'neuron', 'pancreatic_islet', 'skeletal_myocyte']",[],True,NON-SELECTIVE (insufficient tumour coverage),False,NO_SINGLECELL_PROTEIN_DATA,True,held-out-donor replication DEFERRED (next pass) — treat selective as DISCOVERY shortlist
ERBB2 AND EPHB4,AND,ERBB2,EPHB4,2,0.003,0.133,brush cell of trachebronchial tree@lung,0.015,skeletal_myocyte@bone marrow,0.133,brush cell of trachebronchial tree@lung,0.004,0.01,-0.123,True,,"['adrenal_cortical', 'cardiomyocyte', 'kidney_podocyte', 'kidney_tubule', 'neuron', 'pancreatic_islet', 'skeletal_myocyte']",[],True,NON-SELECTIVE (insufficient tumour coverage),False,NO_SINGLECELL_PROTEIN_DATA,True,held-out-donor replication DEFERRED (next pass) — treat selective as DISCOVERY shortlist
EPHB4 AND MUC16,AND,EPHB4,MUC16,2,0.001,0.133,brush cell of trachebronchial tree@lung,0.015,skeletal_myocyte@bone marrow,0.133,brush cell of trachebronchial tree@lung,0.001,0.01,-0.123,True,,"['adrenal_cortical', 'cardiomyocyte', 'kidney_podocyte', 'kidney_tubule', 'neuron', 'pancreatic_islet', 'skeletal_myocyte']",[],True,NON-SELECTIVE (insufficient tumour coverage),False,NO_SINGLECELL_PROTEIN_DATA,True,held-out-donor replication DEFERRED (next pass) — treat selective as DISCOVERY shortlist
ITGB4 AND CLDN18,AND,ITGB4,CLDN18,2,0.001,0.133,brush cell of trachebronchial tree@lung,0.015,skeletal_myocyte@bone marrow,0.133,brush cell of trachebronchial tree@lung,0.001,0.017,-0.116,True,,"['adrenal_cortical', 'cardiomyocyte', 'kidney_podocyte', 'kidney_tubule', 'neuron', 'pancreatic_islet', 'skeletal_myocyte']",[],True,NON-SELECTIVE (insufficient tumour coverage),False,NO_SINGLECELL_PROTEIN_DATA,True,held-out-donor replication DEFERRED (next pass) — treat selective as DISCOVERY shortlist
MUC1 AND ROR1,AND,MUC1,ROR1,2,0.001,0.134,epithelial cell of lung@lung,0.015,skeletal_myocyte@bone marrow,0.134,epithelial cell of lung@lung,0.001,0.045,-0.088,True,,"['adrenal_cortical', 'cardiomyocyte', 'kidney_podocyte', 'kidney_tubule', 'neuron', 'pancreatic_islet', 'skeletal_myocyte']",[],True,NON-SELECTIVE (insufficient tumour coverage),False,NO_SINGLECELL_PROTEIN_DATA,True,held-out-donor replication DEFERRED (next pass) — treat selective as DISCOVERY shortlist
ITGB4 AND MSLN,AND,ITGB4,MSLN,2,0.004,0.14,respiratory goblet cell@lung,0.015,skeletal_myocyte@bone marrow,0.14,respiratory goblet cell@lung,0.001,0.017,-0.123,True,,"['adrenal_cortical', 'cardiomyocyte', 'kidney_podocyte', 'kidney_tubule', 'neuron', 'pancreatic_islet', 'skeletal_myocyte']",[],True,NON-SELECTIVE (insufficient tumour coverage),False,NO_SINGLECELL_PROTEIN_DATA,True,held-out-donor replication DEFERRED (next pass) — treat selective as DISCOVERY shortlist
TACSTD2 AND ROR1,AND,TACSTD2,ROR1,2,0.002,0.14,type I pneumocyte@lung,0.015,skeletal_myocyte@bone marrow,0.14,type I pneumocyte@lung,0.001,0.045,-0.094,True,,"['adrenal_cortical', 'cardiomyocyte', 'kidney_podocyte', 'kidney_tubule', 'neuron', 'pancreatic_islet', 'skeletal_myocyte']",[],True,NON-SELECTIVE (insufficient tumour coverage),False,NO_SINGLECELL_PROTEIN_DATA,True,held-out-donor replication DEFERRED (next pass) — treat selective as DISCOVERY shortlist
SDC1 AND PROM1,AND,SDC1,PROM1,2,0.006,0.141,progenitor cell@kidney,0.015,skeletal_myocyte@bone marrow,0.141,progenitor cell@kidney,0.001,0.028,-0.114,True,,"['adrenal_cortical', 'cardiomyocyte', 'kidney_podocyte', 'kidney_tubule', 'neuron', 'pancreatic_islet', 'skeletal_myocyte']",[],True,NON-SELECTIVE (insufficient tumour coverage),False,NO_SINGLECELL_PROTEIN_DATA,True,held-out-donor replication DEFERRED (next pass) — treat selective as DISCOVERY shortlist
ERBB2 AND NECTIN4,AND,ERBB2,NECTIN4,2,0.006,0.144,papillary tips cell@kidney,0.015,skeletal_myocyte@bone marrow,0.144,papillary tips cell@kidney,0.001,0.02,-0.124,True,,"['adrenal_cortical', 'cardiomyocyte', 'kidney_podocyte', 'kidney_tubule', 'neuron', 'pancreatic_islet', 'skeletal_myocyte']",[],True,NON-SELECTIVE (insufficient tumour coverage),False,NO_SINGLECELL_PROTEIN_DATA,True,held-out-donor replication DEFERRED (next pass) — treat selective as DISCOVERY shortlist
SDC1 AND CLDN18,AND,SDC1,CLDN18,2,0.008,0.145,epithelial cell of lung@lung,0.015,skeletal_myocyte@bone marrow,0.145,epithelial cell of lung@lung,0.001,0.02,-0.124,True,,"['adrenal_cortical', 'cardiomyocyte', 'kidney_podocyte', 'kidney_tubule', 'neuron', 'pancreatic_islet', 'skeletal_myocyte']",[],True,NON-SELECTIVE (insufficient tumour coverage),False,NO_SINGLECELL_PROTEIN_DATA,True,held-out-donor replication DEFERRED (next pass) — treat selective as DISCOVERY shortlist
SDC1 AND ROR1,AND,SDC1,ROR1,2,0.002,0.147,epithelial cell of lung@lung,0.015,skeletal_myocyte@bone marrow,0.147,epithelial cell of lung@lung,0.003,0.034,-0.113,True,,"['adrenal_cortical', 'cardiomyocyte', 'kidney_podocyte', 'kidney_tubule', 'neuron', 'pancreatic_islet', 'skeletal_myocyte']",[],True,NON-SELECTIVE (insufficient tumour coverage),False,NO_SINGLECELL_PROTEIN_DATA,True,held-out-donor replication DEFERRED (next pass) — treat selective as DISCOVERY shortlist
EPHB4 AND EPCAM,AND,EPHB4,EPCAM,2,0.005,0.154,brush cell of trachebronchial tree@lung,0.015,skeletal_myocyte@bone marrow,0.154,brush cell of trachebronchial tree@lung,0.013,0.012,-0.143,True,,"['adrenal_cortical', 'cardiomyocyte', 'kidney_podocyte', 'kidney_tubule', 'neuron', 'pancreatic_islet', 'skeletal_myocyte']",[],True,NON-SELECTIVE (insufficient tumour coverage),False,NO_SINGLECELL_PROTEIN_DATA,True,held-out-donor replication DEFERRED (next pass) — treat selective as DISCOVERY shortlist
EPHB4 AND CD24,AND,EPHB4,CD24,2,0.005,0.154,brush cell of trachebronchial tree@lung,0.015,skeletal_myocyte@bone marrow,0.154,brush cell of trachebronchial tree@lung,0.007,0.012,-0.143,True,,"['adrenal_cortical', 'cardiomyocyte', 'kidney_podocyte', 'kidney_tubule', 'neuron', 'pancreatic_islet', 'skeletal_myocyte']",[],True,NON-SELECTIVE (insufficient tumour coverage),False,NO_SINGLECELL_PROTEIN_DATA,True,held-out-donor replication DEFERRED (next pass) — treat selective as DISCOVERY shortlist
ITGB4 AND ROR1,AND,ITGB4,ROR1,2,0.001,0.157,non-myelinating Schwann cell@lung,0.018,skeletal_myocyte@brain,0.157,non-myelinating Schwann cell@lung,0.001,0.017,-0.139,True,,"['adrenal_cortical', 'cardiomyocyte', 'kidney_podocyte', 'kidney_tubule', 'neuron', 'pancreatic_islet', 'skeletal_myocyte']",[],True,NON-SELECTIVE (insufficient tumour coverage),False,NO_SINGLECELL_PROTEIN_DATA,True,held-out-donor replication DEFERRED (next pass) — treat selective as DISCOVERY shortlist
ITGB4 AND FOLR1,AND,ITGB4,FOLR1,2,0.005,0.173,respiratory goblet cell@lung,0.015,skeletal_myocyte@bone marrow,0.173,respiratory goblet cell@lung,0.001,0.017,-0.156,True,,"['adrenal_cortical', 'cardiomyocyte', 'kidney_podocyte', 'kidney_tubule', 'neuron', 'pancreatic_islet', 'skeletal_myocyte']",[],True,NON-SELECTIVE (insufficient tumour coverage),False,NO_SINGLECELL_PROTEIN_DATA,True,held-out-donor replication DEFERRED (next pass) — treat selective as DISCOVERY shortlist
ERBB3 AND NECTIN4,AND,ERBB3,NECTIN4,2,0.009,0.178,urothelial cell@kidney,0.015,skeletal_myocyte@bone marrow,0.178,urothelial cell@kidney,0.001,0.028,-0.15,True,,"['adrenal_cortical', 'cardiomyocyte', 'kidney_podocyte', 'kidney_tubule', 'neuron', 'pancreatic_islet', 'skeletal_myocyte']",[],True,NON-SELECTIVE (insufficient tumour coverage),False,NO_SINGLECELL_PROTEIN_DATA,True,held-out-donor replication DEFERRED (next pass) — treat selective as DISCOVERY shortlist
ITGB4 AND CD24,AND,ITGB4,CD24,2,0.019,0.179,respiratory hillock cell@lung,0.015,skeletal_myocyte@bone marrow,0.179,respiratory hillock cell@lung,0.001,0.017,-0.162,True,,"['adrenal_cortical', 'cardiomyocyte', 'kidney_podocyte', 'kidney_tubule', 'neuron', 'pancreatic_islet', 'skeletal_myocyte']",[],True,NON-SELECTIVE (insufficient tumour coverage),False,NO_SINGLECELL_PROTEIN_DATA,True,held-out-donor replication DEFERRED (next pass) — treat selective as DISCOVERY shortlist
ERBB3 AND PROM1,AND,ERBB3,PROM1,2,0.01,0.183,tracheobronchial goblet cell@lung,0.016,pancreatic_islet@pancreas,0.183,tracheobronchial goblet cell@lung,0.001,0.028,-0.156,True,,"['adrenal_cortical', 'cardiomyocyte', 'kidney_podocyte', 'kidney_tubule', 'neuron', 'pancreatic_islet', 'skeletal_myocyte']",[],True,NON-SELECTIVE (insufficient tumour coverage),False,NO_SINGLECELL_PROTEIN_DATA,True,held-out-donor replication DEFERRED (next pass) — treat selective as DISCOVERY shortlist
ERBB2 AND CLDN18,AND,ERBB2,CLDN18,2,0.002,0.184,megakaryocyte-erythroid progenitor cell@lung,0.015,skeletal_myocyte@bone marrow,0.184,megakaryocyte-erythroid progenitor cell@lung,0.003,0.02,-0.164,True,,"['adrenal_cortical', 'cardiomyocyte', 'kidney_podocyte', 'kidney_tubule', 'neuron', 'pancreatic_islet', 'skeletal_myocyte']",[],True,NON-SELECTIVE (insufficient tumour coverage),False,NO_SINGLECELL_PROTEIN_DATA,True,held-out-donor replication DEFERRED (next pass) — treat selective as DISCOVERY shortlist
ITGB4 AND MET,AND,ITGB4,MET,2,0.007,0.187,papillary tips cell@kidney,0.015,skeletal_myocyte@bone marrow,0.187,papillary tips cell@kidney,0.001,0.017,-0.17,True,,"['adrenal_cortical', 'cardiomyocyte', 'kidney_podocyte', 'kidney_tubule', 'neuron', 'pancreatic_islet', 'skeletal_myocyte']",[],True,NON-SELECTIVE (insufficient tumour coverage),False,NO_SINGLECELL_PROTEIN_DATA,True,held-out-donor replication DEFERRED (next pass) — treat selective as DISCOVERY shortlist
ITGB4 AND EPCAM,AND,ITGB4,EPCAM,2,0.022,0.197,respiratory goblet cell@lung,0.015,skeletal_myocyte@bone marrow,0.197,respiratory goblet cell@lung,0.001,0.017,-0.179,True,,"['adrenal_cortical', 'cardiomyocyte', 'kidney_podocyte', 'kidney_tubule', 'neuron', 'pancreatic_islet', 'skeletal_myocyte']",[],True,NON-SELECTIVE (insufficient tumour coverage),False,NO_SINGLECELL_PROTEIN_DATA,True,held-out-donor replication DEFERRED (next pass) — treat selective as DISCOVERY shortlist
ERBB2 AND MET,AND,ERBB2,MET,2,0.007,0.205,respiratory goblet cell@lung,0.015,skeletal_myocyte@bone marrow,0.205,respiratory goblet cell@lung,0.02,0.038,-0.167,True,,"['adrenal_cortical', 'cardiomyocyte', 'kidney_podocyte', 'kidney_tubule', 'neuron', 'pancreatic_islet', 'skeletal_myocyte']",[],True,NON-SELECTIVE (insufficient tumour coverage),False,NO_SINGLECELL_PROTEIN_DATA,True,held-out-donor replication DEFERRED (next pass) — treat selective as DISCOVERY shortlist
SDC1 AND NECTIN4,AND,SDC1,NECTIN4,2,0.008,0.206,urothelial cell@kidney,0.015,skeletal_myocyte@bone marrow,0.206,urothelial cell@kidney,0.001,0.01,-0.196,True,,"['adrenal_cortical', 'cardiomyocyte', 'kidney_podocyte', 'kidney_tubule', 'neuron', 'pancreatic_islet', 'skeletal_myocyte']",[],True,NON-SELECTIVE (insufficient tumour coverage),False,NO_SINGLECELL_PROTEIN_DATA,True,held-out-donor replication DEFERRED (next pass) — treat selective as DISCOVERY shortlist
ITGB4 AND ERBB3,AND,ITGB4,ERBB3,2,0.015,0.215,brush cell of trachebronchial tree@lung,0.017,neuron@liver,0.215,brush cell of trachebronchial tree@lung,0.001,0.017,-0.197,True,,"['adrenal_cortical', 'cardiomyocyte', 'kidney_podocyte', 'kidney_tubule', 'neuron', 'pancreatic_islet', 'skeletal_myocyte']",[],True,NON-SELECTIVE (insufficient tumour coverage),False,NO_SINGLECELL_PROTEIN_DATA,True,held-out-donor replication DEFERRED (next pass) — treat selective as DISCOVERY shortlist
ITGB4 AND CEACAM5,AND,ITGB4,CEACAM5,2,0.008,0.215,brush cell of trachebronchial tree@lung,0.015,skeletal_myocyte@bone marrow,0.215,brush cell of trachebronchial tree@lung,0.001,0.012,-0.203,True,,"['adrenal_cortical', 'cardiomyocyte', 'kidney_podocyte', 'kidney_tubule', 'neuron', 'pancreatic_islet', 'skeletal_myocyte']",[],True,NON-SELECTIVE (insufficient tumour coverage),False,NO_SINGLECELL_PROTEIN_DATA,True,held-out-donor replication DEFERRED (next pass) — treat selective as DISCOVERY shortlist
ITGB4 AND MUC16,AND,ITGB4,MUC16,2,0.003,0.215,brush cell of trachebronchial tree@lung,0.015,skeletal_myocyte@bone marrow,0.215,brush cell of trachebronchial tree@lung,0.001,0.017,-0.197,True,,"['adrenal_cortical', 'cardiomyocyte', 'kidney_podocyte', 'kidney_tubule', 'neuron', 'pancreatic_islet', 'skeletal_myocyte']",[],True,NON-SELECTIVE (insufficient tumour coverage),False,NO_SINGLECELL_PROTEIN_DATA,True,held-out-donor replication DEFERRED (next pass) — treat selective as DISCOVERY shortlist
ERBB2 AND MSLN,AND,ERBB2,MSLN,2,0.004,0.224,respiratory goblet cell@lung,0.015,skeletal_myocyte@bone marrow,0.224,respiratory goblet cell@lung,0.001,0.022,-0.202,True,,"['adrenal_cortical', 'cardiomyocyte', 'kidney_podocyte', 'kidney_tubule', 'neuron', 'pancreatic_islet', 'skeletal_myocyte']",[],True,NON-SELECTIVE (insufficient tumour coverage),False,NO_SINGLECELL_PROTEIN_DATA,True,held-out-donor replication DEFERRED (next pass) — treat selective as DISCOVERY shortlist
SDC1 AND MET,AND,SDC1,MET,2,0.011,0.225,respiratory goblet cell@lung,0.015,skeletal_myocyte@bone marrow,0.225,respiratory goblet cell@lung,0.056,0.034,-0.192,True,,"['adrenal_cortical', 'cardiomyocyte', 'kidney_podocyte', 'kidney_tubule', 'neuron', 'pancreatic_islet', 'skeletal_myocyte']",[],True,NON-SELECTIVE (insufficient tumour coverage),False,NO_SINGLECELL_PROTEIN_DATA,True,held-out-donor replication DEFERRED (next pass) — treat selective as DISCOVERY shortlist
CD74 AND EPHB4,AND,CD74,EPHB4,2,0.012,0.227,lung microvascular endothelial cell@lung,0.015,skeletal_myocyte@bone marrow,0.227,lung microvascular endothelial cell@lung,0.019,0.012,-0.215,True,,"['adrenal_cortical', 'cardiomyocyte', 'kidney_podocyte', 'kidney_tubule', 'neuron', 'pancreatic_islet', 'skeletal_myocyte']",[],True,NON-SELECTIVE (insufficient tumour coverage),False,NO_SINGLECELL_PROTEIN_DATA,True,held-out-donor replication DEFERRED (next pass) — treat selective as DISCOVERY shortlist
ERBB3 AND CLDN18,AND,ERBB3,CLDN18,2,0.004,0.23,goblet cell@adrenal gland,0.015,skeletal_myocyte@bone marrow,0.23,goblet cell@adrenal gland,0.001,0.02,-0.209,True,,"['adrenal_cortical', 'cardiomyocyte', 'kidney_podocyte', 'kidney_tubule', 'neuron', 'pancreatic_islet', 'skeletal_myocyte']",[],True,NON-SELECTIVE (insufficient tumour coverage),False,NO_SINGLECELL_PROTEIN_DATA,True,held-out-donor replication DEFERRED (next pass) — treat selective as DISCOVERY shortlist
CD74 AND ROR1,AND,CD74,ROR1,2,0.004,0.231,large pre-B-II cell@kidney,0.062,skeletal_myocyte@brain,0.231,large pre-B-II cell@kidney,0.001,0.09,-0.141,True,,"['adrenal_cortical', 'cardiomyocyte', 'kidney_podocyte', 'kidney_tubule', 'neuron', 'pancreatic_islet', 'skeletal_myocyte']",[],True,NON-SELECTIVE (insufficient tumour coverage),False,NO_SINGLECELL_PROTEIN_DATA,True,held-out-donor replication DEFERRED (next pass) — treat selective as DISCOVERY shortlist
ERBB3 AND MET,AND,ERBB3,MET,2,0.01,0.232,tracheobronchial goblet cell@lung,0.053,skeletal_myocyte@bone marrow,0.232,tracheobronchial goblet cell@lung,0.054,0.03,-0.202,True,,"['adrenal_cortical', 'cardiomyocyte', 'kidney_podocyte', 'kidney_tubule', 'neuron', 'pancreatic_islet', 'skeletal_myocyte']",[],True,NON-SELECTIVE (insufficient tumour coverage),False,NO_SINGLECELL_PROTEIN_DATA,True,held-out-donor replication DEFERRED (next pass) — treat selective as DISCOVERY shortlist
TACSTD2 AND CLDN6,AND,TACSTD2,CLDN6,2,0.001,0.232,respiratory epithelial cell@lung,0.015,skeletal_myocyte@bone marrow,0.232,respiratory epithelial cell@lung,0.001,0.013,-0.218,True,,"['adrenal_cortical', 'cardiomyocyte', 'kidney_podocyte', 'kidney_tubule', 'neuron', 'pancreatic_islet', 'skeletal_myocyte']",[],True,NON-SELECTIVE (insufficient tumour coverage),False,NO_SINGLECELL_PROTEIN_DATA,True,held-out-donor replication DEFERRED (next pass) — treat selective as DISCOVERY shortlist
SDC1 AND ERBB3,AND,SDC1,ERBB3,2,0.022,0.233,urothelial cell@kidney,0.015,skeletal_myocyte@bone marrow,0.233,urothelial cell@kidney,0.048,0.03,-0.203,True,,"['adrenal_cortical', 'cardiomyocyte', 'kidney_podocyte', 'kidney_tubule', 'neuron', 'pancreatic_islet', 'skeletal_myocyte']",[],True,NON-SELECTIVE (insufficient tumour coverage),False,NO_SINGLECELL_PROTEIN_DATA,True,held-out-donor replication DEFERRED (next pass) — treat selective as DISCOVERY shortlist
ERBB3 AND MSLN,AND,ERBB3,MSLN,2,0.008,0.234,nasal mucosa goblet cell@lung,0.015,skeletal_myocyte@bone marrow,0.234,nasal mucosa goblet cell@lung,0.001,0.022,-0.212,True,,"['adrenal_cortical', 'cardiomyocyte', 'kidney_podocyte', 'kidney_tubule', 'neuron', 'pancreatic_islet', 'skeletal_myocyte']",[],True,NON-SELECTIVE (insufficient tumour coverage),False,NO_SINGLECELL_PROTEIN_DATA,True,held-out-donor replication DEFERRED (next pass) — treat selective as DISCOVERY shortlist
ERBB2 AND ERBB3,AND,ERBB2,ERBB3,2,0.014,0.238,Schwann cell@lung,0.029,skeletal_myocyte@bone marrow,0.238,Schwann cell@lung,0.013,0.029,-0.209,True,,"['adrenal_cortical', 'cardiomyocyte', 'kidney_podocyte', 'kidney_tubule', 'neuron', 'pancreatic_islet', 'skeletal_myocyte']",[],True,NON-SELECTIVE (insufficient tumour coverage),False,NO_SINGLECELL_PROTEIN_DATA,True,held-out-donor replication DEFERRED (next pass) — treat selective as DISCOVERY shortlist
CD74 AND NECTIN4,AND,CD74,NECTIN4,2,0.012,0.24,respiratory goblet cell@lung,0.015,pancreatic_islet@pancreas,0.24,respiratory goblet cell@lung,0.001,0.028,-0.213,True,,"['adrenal_cortical', 'cardiomyocyte', 'kidney_podocyte', 'kidney_tubule', 'neuron', 'pancreatic_islet', 'skeletal_myocyte']",[],True,NON-SELECTIVE (insufficient tumour coverage),False,NO_SINGLECELL_PROTEIN_DATA,True,held-out-donor replication DEFERRED (next pass) — treat selective as DISCOVERY shortlist
ERBB2 AND CLDN6,AND,ERBB2,CLDN6,2,0.001,0.245,respiratory epithelial cell@lung,0.019,cardiomyocyte@heart,0.245,respiratory epithelial cell@lung,0.001,0.013,-0.231,True,,"['adrenal_cortical', 'cardiomyocyte', 'kidney_podocyte', 'kidney_tubule', 'neuron', 'pancreatic_islet', 'skeletal_myocyte']",[],True,NON-SELECTIVE (insufficient tumour coverage),False,NO_SINGLECELL_PROTEIN_DATA,True,held-out-donor replication DEFERRED (next pass) — treat selective as DISCOVERY shortlist
ERBB2 AND CEACAM5,AND,ERBB2,CEACAM5,2,0.005,0.248,tracheobronchial goblet cell@lung,0.015,skeletal_myocyte@bone marrow,0.248,tracheobronchial goblet cell@lung,0.003,0.012,-0.237,True,,"['adrenal_cortical', 'cardiomyocyte', 'kidney_podocyte', 'kidney_tubule', 'neuron', 'pancreatic_islet', 'skeletal_myocyte']",[],True,NON-SELECTIVE (insufficient tumour coverage),False,NO_SINGLECELL_PROTEIN_DATA,True,held-out-donor replication DEFERRED (next pass) — treat selective as DISCOVERY shortlist
TACSTD2 AND NECTIN4,AND,TACSTD2,NECTIN4,2,0.014,0.25,respiratory goblet cell@lung,0.043,pancreatic_islet@pancreas,0.25,respiratory goblet cell@lung,0.001,0.028,-0.222,True,,"['adrenal_cortical', 'cardiomyocyte', 'kidney_podocyte', 'kidney_tubule', 'neuron', 'pancreatic_islet', 'skeletal_myocyte']",[],True,NON-SELECTIVE (insufficient tumour coverage),False,NO_SINGLECELL_PROTEIN_DATA,True,held-out-donor replication DEFERRED (next pass) — treat selective as DISCOVERY shortlist
MUC1 AND NECTIN4,AND,MUC1,NECTIN4,2,0.011,0.251,respiratory goblet cell@lung,0.015,skeletal_myocyte@bone marrow,0.251,respiratory goblet cell@lung,0.001,0.028,-0.224,True,,"['adrenal_cortical', 'cardiomyocyte', 'kidney_podocyte', 'kidney_tubule', 'neuron', 'pancreatic_islet', 'skeletal_myocyte']",[],True,NON-SELECTIVE (insufficient tumour coverage),False,NO_SINGLECELL_PROTEIN_DATA,True,held-out-donor replication DEFERRED (next pass) — treat selective as DISCOVERY shortlist
ERBB2 AND PROM1,AND,ERBB2,PROM1,2,0.005,0.254,deuterosomal cell@lung,0.015,skeletal_myocyte@bone marrow,0.254,deuterosomal cell@lung,0.001,0.028,-0.227,True,,"['adrenal_cortical', 'cardiomyocyte', 'kidney_podocyte', 'kidney_tubule', 'neuron', 'pancreatic_islet', 'skeletal_myocyte']",[],True,NON-SELECTIVE (insufficient tumour coverage),False,NO_SINGLECELL_PROTEIN_DATA,True,held-out-donor replication DEFERRED (next pass) — treat selective as DISCOVERY shortlist
ITGB4 AND CDH1,AND,ITGB4,CDH1,2,0.016,0.264,papillary tips cell@kidney,0.015,skeletal_myocyte@bone marrow,0.264,papillary tips cell@kidney,0.001,0.017,-0.247,True,,"['adrenal_cortical', 'cardiomyocyte', 'kidney_podocyte', 'kidney_tubule', 'neuron', 'pancreatic_islet', 'skeletal_myocyte']",[],True,NON-SELECTIVE (insufficient tumour coverage),False,NO_SINGLECELL_PROTEIN_DATA,True,held-out-donor replication DEFERRED (next pass) — treat selective as DISCOVERY shortlist
CD74 AND CLDN6,AND,CD74,CLDN6,2,0.001,0.27,epithelial cell of lung@lung,0.015,skeletal_myocyte@bone marrow,0.27,epithelial cell of lung@lung,0.005,0.013,-0.257,True,,"['adrenal_cortical', 'cardiomyocyte', 'kidney_podocyte', 'kidney_tubule', 'neuron', 'pancreatic_islet', 'skeletal_myocyte']",[],True,NON-SELECTIVE (insufficient tumour coverage),False,NO_SINGLECELL_PROTEIN_DATA,True,held-out-donor replication DEFERRED (next pass) — treat selective as DISCOVERY shortlist
SDC1 AND MUC16,AND,SDC1,MUC16,2,0.004,0.274,respiratory goblet cell@lung,0.015,skeletal_myocyte@bone marrow,0.274,respiratory goblet cell@lung,0.001,0.033,-0.242,True,,"['adrenal_cortical', 'cardiomyocyte', 'kidney_podocyte', 'kidney_tubule', 'neuron', 'pancreatic_islet', 'skeletal_myocyte']",[],True,NON-SELECTIVE (insufficient tumour coverage),False,NO_SINGLECELL_PROTEIN_DATA,True,held-out-donor replication DEFERRED (next pass) — treat selective as DISCOVERY shortlist
SDC1 AND MSLN,AND,SDC1,MSLN,2,0.011,0.276,nasal mucosa goblet cell@lung,0.015,skeletal_myocyte@bone marrow,0.276,nasal mucosa goblet cell@lung,0.001,0.022,-0.254,True,,"['adrenal_cortical', 'cardiomyocyte', 'kidney_podocyte', 'kidney_tubule', 'neuron', 'pancreatic_islet', 'skeletal_myocyte']",[],True,NON-SELECTIVE (insufficient tumour coverage),False,NO_SINGLECELL_PROTEIN_DATA,True,held-out-donor replication DEFERRED (next pass) — treat selective as DISCOVERY shortlist
ERBB3 AND ROR1,AND,ERBB3,ROR1,2,0.001,0.276,Schwann cell precursor@lung,0.024,neuron@heart,0.276,Schwann cell precursor@lung,0.004,0.032,-0.244,True,,"['adrenal_cortical', 'cardiomyocyte', 'kidney_podocyte', 'kidney_tubule', 'neuron', 'pancreatic_islet', 'skeletal_myocyte']",[],True,NON-SELECTIVE (insufficient tumour coverage),False,NO_SINGLECELL_PROTEIN_DATA,True,held-out-donor replication DEFERRED (next pass) — treat selective as DISCOVERY shortlist
TACSTD2 AND CLDN18,AND,TACSTD2,CLDN18,2,0.012,0.278,type I pneumocyte@lung,0.015,skeletal_myocyte@bone marrow,0.278,type I pneumocyte@lung,0.003,0.02,-0.258,True,,"['adrenal_cortical', 'cardiomyocyte', 'kidney_podocyte', 'kidney_tubule', 'neuron', 'pancreatic_islet', 'skeletal_myocyte']",[],True,NON-SELECTIVE (insufficient tumour coverage),False,NO_SINGLECELL_PROTEIN_DATA,True,held-out-donor replication DEFERRED (next pass) — treat selective as DISCOVERY shortlist
ERBB2 AND FOLR1,AND,ERBB2,FOLR1,2,0.008,0.293,respiratory goblet cell@lung,0.029,skeletal_myocyte@bone marrow,0.293,respiratory goblet cell@lung,0.001,0.029,-0.265,True,,"['adrenal_cortical', 'cardiomyocyte', 'kidney_podocyte', 'kidney_tubule', 'neuron', 'pancreatic_islet', 'skeletal_myocyte']",[],True,NON-SELECTIVE (insufficient tumour coverage),False,NO_SINGLECELL_PROTEIN_DATA,True,held-out-donor replication DEFERRED (next pass) — treat selective as DISCOVERY shortlist
ERBB3 AND CEACAM5,AND,ERBB3,CEACAM5,2,0.012,0.295,tracheobronchial goblet cell@lung,0.015,skeletal_myocyte@bone marrow,0.295,tracheobronchial goblet cell@lung,0.001,0.012,-0.283,True,,"['adrenal_cortical', 'cardiomyocyte', 'kidney_podocyte', 'kidney_tubule', 'neuron', 'pancreatic_islet', 'skeletal_myocyte']",[],True,NON-SELECTIVE (insufficient tumour coverage),False,NO_SINGLECELL_PROTEIN_DATA,True,held-out-donor replication DEFERRED (next pass) — treat selective as DISCOVERY shortlist
ERBB2 AND MUC16,AND,ERBB2,MUC16,2,0.004,0.295,tracheobronchial goblet cell@lung,0.015,skeletal_myocyte@bone marrow,0.295,tracheobronchial goblet cell@lung,0.001,0.029,-0.266,True,,"['adrenal_cortical', 'cardiomyocyte', 'kidney_podocyte', 'kidney_tubule', 'neuron', 'pancreatic_islet', 'skeletal_myocyte']",[],True,NON-SELECTIVE (insufficient tumour coverage),False,NO_SINGLECELL_PROTEIN_DATA,True,held-out-donor replication DEFERRED (next pass) — treat selective as DISCOVERY shortlist
ERBB3 AND CLDN6,AND,ERBB3,CLDN6,2,0.001,0.301,respiratory epithelial cell@lung,0.015,skeletal_myocyte@bone marrow,0.301,respiratory epithelial cell@lung,0.008,0.013,-0.288,True,,"['adrenal_cortical', 'cardiomyocyte', 'kidney_podocyte', 'kidney_tubule', 'neuron', 'pancreatic_islet', 'skeletal_myocyte']",[],True,NON-SELECTIVE (insufficient tumour coverage),False,NO_SINGLECELL_PROTEIN_DATA,True,held-out-donor replication DEFERRED (next pass) — treat selective as DISCOVERY shortlist
MUC1 AND CLDN6,AND,MUC1,CLDN6,2,0.001,0.304,epithelial cell of lung@lung,0.015,skeletal_myocyte@bone marrow,0.304,epithelial cell of lung@lung,0.001,0.013,-0.291,True,,"['adrenal_cortical', 'cardiomyocyte', 'kidney_podocyte', 'kidney_tubule', 'neuron', 'pancreatic_islet', 'skeletal_myocyte']",[],True,NON-SELECTIVE (insufficient tumour coverage),False,NO_SINGLECELL_PROTEIN_DATA,True,held-out-donor replication DEFERRED (next pass) — treat selective as DISCOVERY shortlist
ERBB3 AND FOLR1,AND,ERBB3,FOLR1,2,0.014,0.306,respiratory goblet cell@lung,0.042,skeletal_myocyte@bone marrow,0.306,respiratory goblet cell@lung,0.004,0.03,-0.275,True,,"['adrenal_cortical', 'cardiomyocyte', 'kidney_podocyte', 'kidney_tubule', 'neuron', 'pancreatic_islet', 'skeletal_myocyte']",[],True,NON-SELECTIVE (insufficient tumour coverage),False,NO_SINGLECELL_PROTEIN_DATA,True,held-out-donor replication DEFERRED (next pass) — treat selective as DISCOVERY shortlist
ERBB3 AND CDH1,AND,ERBB3,CDH1,2,0.03,0.308,brush cell of trachebronchial tree@lung,0.047,pancreatic_islet@pancreas,0.308,brush cell of trachebronchial tree@lung,0.053,0.047,-0.261,True,,"['adrenal_cortical', 'cardiomyocyte', 'kidney_podocyte', 'kidney_tubule', 'neuron', 'pancreatic_islet', 'skeletal_myocyte']",[],True,NON-SELECTIVE (insufficient tumour coverage),False,NO_SINGLECELL_PROTEIN_DATA,True,held-out-donor replication DEFERRED (next pass) — treat selective as DISCOVERY shortlist
TACSTD2 AND PROM1,AND,TACSTD2,PROM1,2,0.012,0.309,progenitor cell@kidney,0.025,pancreatic_islet@pancreas,0.309,progenitor cell@kidney,0.001,0.028,-0.282,True,,"['adrenal_cortical', 'cardiomyocyte', 'kidney_podocyte', 'kidney_tubule', 'neuron', 'pancreatic_islet', 'skeletal_myocyte']",[],True,NON-SELECTIVE (insufficient tumour coverage),False,NO_SINGLECELL_PROTEIN_DATA,True,held-out-donor replication DEFERRED (next pass) — treat selective as DISCOVERY shortlist
SDC1 AND CEACAM5,AND,SDC1,CEACAM5,2,0.009,0.322,nasal mucosa goblet cell@lung,0.015,skeletal_myocyte@bone marrow,0.322,nasal mucosa goblet cell@lung,0.001,0.012,-0.311,True,,"['adrenal_cortical', 'cardiomyocyte', 'kidney_podocyte', 'kidney_tubule', 'neuron', 'pancreatic_islet', 'skeletal_myocyte']",[],True,NON-SELECTIVE (insufficient tumour coverage),False,NO_SINGLECELL_PROTEIN_DATA,True,held-out-donor replication DEFERRED (next pass) — treat selective as DISCOVERY shortlist
SDC1 AND CLDN6,AND,SDC1,CLDN6,2,0.001,0.322,epithelial cell of lung@lung,0.015,skeletal_myocyte@bone marrow,0.322,epithelial cell of lung@lung,0.001,0.013,-0.309,True,,"['adrenal_cortical', 'cardiomyocyte', 'kidney_podocyte', 'kidney_tubule', 'neuron', 'pancreatic_islet', 'skeletal_myocyte']",[],True,NON-SELECTIVE (insufficient tumour coverage),False,NO_SINGLECELL_PROTEIN_DATA,True,held-out-donor replication DEFERRED (next pass) — treat selective as DISCOVERY shortlist
MUC1 AND PROM1,AND,MUC1,PROM1,2,0.009,0.325,tracheobronchial goblet cell@lung,0.015,skeletal_myocyte@bone marrow,0.325,tracheobronchial goblet cell@lung,0.001,0.028,-0.298,True,,"['adrenal_cortical', 'cardiomyocyte', 'kidney_podocyte', 'kidney_tubule', 'neuron', 'pancreatic_islet', 'skeletal_myocyte']",[],True,NON-SELECTIVE (insufficient tumour coverage),False,NO_SINGLECELL_PROTEIN_DATA,True,held-out-donor replication DEFERRED (next pass) — treat selective as DISCOVERY shortlist
SDC1 AND CDH1,AND,SDC1,CDH1,2,0.023,0.343,papillary tips cell@kidney,0.015,skeletal_myocyte@bone marrow,0.343,papillary tips cell@kidney,0.049,0.034,-0.309,True,,"['adrenal_cortical', 'cardiomyocyte', 'kidney_podocyte', 'kidney_tubule', 'neuron', 'pancreatic_islet', 'skeletal_myocyte']",[],True,NON-SELECTIVE (insufficient tumour coverage),False,NO_SINGLECELL_PROTEIN_DATA,True,held-out-donor replication DEFERRED (next pass) — treat selective as DISCOVERY shortlist
ERBB3 AND EPCAM,AND,ERBB3,EPCAM,2,0.045,0.355,tracheobronchial goblet cell@lung,0.057,pancreatic_islet@pancreas,0.355,tracheobronchial goblet cell@lung,0.025,0.047,-0.308,True,,"['adrenal_cortical', 'cardiomyocyte', 'kidney_podocyte', 'kidney_tubule', 'neuron', 'pancreatic_islet', 'skeletal_myocyte']",[],True,NON-SELECTIVE (insufficient tumour coverage),False,NO_SINGLECELL_PROTEIN_DATA,True,held-out-donor replication DEFERRED (next pass) — treat selective as DISCOVERY shortlist
MUC1 AND ERBB3,AND,MUC1,ERBB3,2,0.027,0.374,respiratory goblet cell@lung,0.032,pancreatic_islet@pancreas,0.374,respiratory goblet cell@lung,0.004,0.047,-0.327,True,,"['adrenal_cortical', 'cardiomyocyte', 'kidney_podocyte', 'kidney_tubule', 'neuron', 'pancreatic_islet', 'skeletal_myocyte']",[],True,NON-SELECTIVE (insufficient tumour coverage),False,NO_SINGLECELL_PROTEIN_DATA,True,held-out-donor replication DEFERRED (next pass) — treat selective as DISCOVERY shortlist
TACSTD2 AND ERBB3,AND,TACSTD2,ERBB3,2,0.026,0.374,respiratory goblet cell@lung,0.05,pancreatic_islet@pancreas,0.374,respiratory goblet cell@lung,0.001,0.047,-0.327,True,,"['adrenal_cortical', 'cardiomyocyte', 'kidney_podocyte', 'kidney_tubule', 'neuron', 'pancreatic_islet', 'skeletal_myocyte']",[],True,NON-SELECTIVE (insufficient tumour coverage),False,NO_SINGLECELL_PROTEIN_DATA,True,held-out-donor replication DEFERRED (next pass) — treat selective as DISCOVERY shortlist
SDC1 AND FOLR1,AND,SDC1,FOLR1,2,0.019,0.384,urothelial cell@kidney,0.015,skeletal_myocyte@bone marrow,0.384,urothelial cell@kidney,0.007,0.034,-0.35,True,,"['adrenal_cortical', 'cardiomyocyte', 'kidney_podocyte', 'kidney_tubule', 'neuron', 'pancreatic_islet', 'skeletal_myocyte']",[],True,NON-SELECTIVE (insufficient tumour coverage),False,NO_SINGLECELL_PROTEIN_DATA,True,held-out-donor replication DEFERRED (next pass) — treat selective as DISCOVERY shortlist
SDC1 AND EPCAM,AND,SDC1,EPCAM,2,0.038,0.386,epithelial cell of lung@lung,0.034,kidney_tubule@kidney,0.386,epithelial cell of lung@lung,0.03,0.034,-0.352,True,,"['adrenal_cortical', 'cardiomyocyte', 'kidney_podocyte', 'kidney_tubule', 'neuron', 'pancreatic_islet', 'skeletal_myocyte']",[],True,NON-SELECTIVE (insufficient tumour coverage),False,NO_SINGLECELL_PROTEIN_DATA,True,held-out-donor replication DEFERRED (next pass) — treat selective as DISCOVERY shortlist
MUC1 AND CLDN18,AND,MUC1,CLDN18,2,0.014,0.395,pneumocyte@lung,0.015,skeletal_myocyte@bone marrow,0.395,pneumocyte@lung,0.004,0.02,-0.374,True,,"['adrenal_cortical', 'cardiomyocyte', 'kidney_podocyte', 'kidney_tubule', 'neuron', 'pancreatic_islet', 'skeletal_myocyte']",[],True,NON-SELECTIVE (insufficient tumour coverage),False,NO_SINGLECELL_PROTEIN_DATA,True,held-out-donor replication DEFERRED (next pass) — treat selective as DISCOVERY shortlist
CD74 AND CLDN18,AND,CD74,CLDN18,2,0.016,0.399,pneumocyte@lung,0.015,skeletal_myocyte@bone marrow,0.399,pneumocyte@lung,0.001,0.02,-0.378,True,,"['adrenal_cortical', 'cardiomyocyte', 'kidney_podocyte', 'kidney_tubule', 'neuron', 'pancreatic_islet', 'skeletal_myocyte']",[],True,NON-SELECTIVE (insufficient tumour coverage),False,NO_SINGLECELL_PROTEIN_DATA,True,held-out-donor replication DEFERRED (next pass) — treat selective as DISCOVERY shortlist
CD74 AND ERBB3,AND,CD74,ERBB3,2,0.029,0.4,tracheobronchial goblet cell@lung,0.024,pancreatic_islet@pancreas,0.4,tracheobronchial goblet cell@lung,0.033,0.047,-0.352,True,,"['adrenal_cortical', 'cardiomyocyte', 'kidney_podocyte', 'kidney_tubule', 'neuron', 'pancreatic_islet', 'skeletal_myocyte']",[],True,NON-SELECTIVE (insufficient tumour coverage),False,NO_SINGLECELL_PROTEIN_DATA,True,held-out-donor replication DEFERRED (next pass) — treat selective as DISCOVERY shortlist
ERBB3 AND MUC16,AND,ERBB3,MUC16,2,0.005,0.4,tracheobronchial goblet cell@lung,0.015,skeletal_myocyte@bone marrow,0.4,tracheobronchial goblet cell@lung,0.001,0.03,-0.369,True,,"['adrenal_cortical', 'cardiomyocyte', 'kidney_podocyte', 'kidney_tubule', 'neuron', 'pancreatic_islet', 'skeletal_myocyte']",[],True,NON-SELECTIVE (insufficient tumour coverage),False,NO_SINGLECELL_PROTEIN_DATA,True,held-out-donor replication DEFERRED (next pass) — treat selective as DISCOVERY shortlist
CD74 AND MET,AND,CD74,MET,2,0.023,0.402,respiratory goblet cell@lung,0.024,skeletal_myocyte@brain,0.402,respiratory goblet cell@lung,0.021,0.038,-0.364,True,,"['adrenal_cortical', 'cardiomyocyte', 'kidney_podocyte', 'kidney_tubule', 'neuron', 'pancreatic_islet', 'skeletal_myocyte']",[],True,NON-SELECTIVE (insufficient tumour coverage),False,NO_SINGLECELL_PROTEIN_DATA,True,held-out-donor replication DEFERRED (next pass) — treat selective as DISCOVERY shortlist
TACSTD2 AND MET,AND,TACSTD2,MET,2,0.016,0.415,respiratory goblet cell@lung,0.023,pancreatic_islet@pancreas,0.415,respiratory goblet cell@lung,0.001,0.038,-0.377,True,,"['adrenal_cortical', 'cardiomyocyte', 'kidney_podocyte', 'kidney_tubule', 'neuron', 'pancreatic_islet', 'skeletal_myocyte']",[],True,NON-SELECTIVE (insufficient tumour coverage),False,NO_SINGLECELL_PROTEIN_DATA,True,held-out-donor replication DEFERRED (next pass) — treat selective as DISCOVERY shortlist
MUC1 AND MET,AND,MUC1,MET,2,0.015,0.415,respiratory goblet cell@lung,0.015,skeletal_myocyte@bone marrow,0.415,respiratory goblet cell@lung,0.003,0.038,-0.377,True,,"['adrenal_cortical', 'cardiomyocyte', 'kidney_podocyte', 'kidney_tubule', 'neuron', 'pancreatic_islet', 'skeletal_myocyte']",[],True,NON-SELECTIVE (insufficient tumour coverage),False,NO_SINGLECELL_PROTEIN_DATA,True,held-out-donor replication DEFERRED (next pass) — treat selective as DISCOVERY shortlist
SDC1 AND CD24,AND,SDC1,CD24,2,0.03,0.462,intrahepatic cholangiocyte@liver,0.043,kidney_tubule@kidney,0.462,intrahepatic cholangiocyte@liver,0.018,0.034,-0.429,True,,"['adrenal_cortical', 'cardiomyocyte', 'kidney_podocyte', 'kidney_tubule', 'neuron', 'pancreatic_islet', 'skeletal_myocyte']",[],True,NON-SELECTIVE (insufficient tumour coverage),False,NO_SINGLECELL_PROTEIN_DATA,True,held-out-donor replication DEFERRED (next pass) — treat selective as DISCOVERY shortlist
ERBB3 AND CD24,AND,ERBB3,CD24,2,0.037,0.465,Schwann cell precursor@lung,0.06,pancreatic_islet@pancreas,0.465,Schwann cell precursor@lung,0.011,0.047,-0.418,True,,"['adrenal_cortical', 'cardiomyocyte', 'kidney_podocyte', 'kidney_tubule', 'neuron', 'pancreatic_islet', 'skeletal_myocyte']",[],True,NON-SELECTIVE (insufficient tumour coverage),False,NO_SINGLECELL_PROTEIN_DATA,True,held-out-donor replication DEFERRED (next pass) — treat selective as DISCOVERY shortlist
MUC1 AND MSLN,AND,MUC1,MSLN,2,0.018,0.469,respiratory goblet cell@lung,0.015,skeletal_myocyte@bone marrow,0.469,respiratory goblet cell@lung,0.001,0.022,-0.447,True,,"['adrenal_cortical', 'cardiomyocyte', 'kidney_podocyte', 'kidney_tubule', 'neuron', 'pancreatic_islet', 'skeletal_myocyte']",[],True,NON-SELECTIVE (insufficient tumour coverage),False,NO_SINGLECELL_PROTEIN_DATA,True,held-out-donor replication DEFERRED (next pass) — treat selective as DISCOVERY shortlist
MUC1 AND CEACAM5,AND,MUC1,CEACAM5,2,0.011,0.476,nasal mucosa goblet cell@lung,0.015,skeletal_myocyte@bone marrow,0.476,nasal mucosa goblet cell@lung,0.004,0.012,-0.464,True,,"['adrenal_cortical', 'cardiomyocyte', 'kidney_podocyte', 'kidney_tubule', 'neuron', 'pancreatic_islet', 'skeletal_myocyte']",[],True,NON-SELECTIVE (insufficient tumour coverage),False,NO_SINGLECELL_PROTEIN_DATA,True,held-out-donor replication DEFERRED (next pass) — treat selective as DISCOVERY shortlist
ERBB2 AND CDH1,AND,ERBB2,CDH1,2,0.014,0.483,columnar/cuboidal epithelial cell@kidney,0.029,skeletal_myocyte@bone marrow,0.483,columnar/cuboidal epithelial cell@kidney,0.015,0.049,-0.434,True,,"['adrenal_cortical', 'cardiomyocyte', 'kidney_podocyte', 'kidney_tubule', 'neuron', 'pancreatic_islet', 'skeletal_myocyte']",[],True,NON-SELECTIVE (insufficient tumour coverage),False,NO_SINGLECELL_PROTEIN_DATA,True,held-out-donor replication DEFERRED (next pass) — treat selective as DISCOVERY shortlist
TACSTD2 AND CEACAM5,AND,TACSTD2,CEACAM5,2,0.008,0.494,nasal mucosa goblet cell@lung,0.015,skeletal_myocyte@bone marrow,0.494,nasal mucosa goblet cell@lung,0.003,0.012,-0.483,True,,"['adrenal_cortical', 'cardiomyocyte', 'kidney_podocyte', 'kidney_tubule', 'neuron', 'pancreatic_islet', 'skeletal_myocyte']",[],True,NON-SELECTIVE (insufficient tumour coverage),False,NO_SINGLECELL_PROTEIN_DATA,True,held-out-donor replication DEFERRED (next pass) — treat selective as DISCOVERY shortlist
ERBB2 AND EPCAM,AND,ERBB2,EPCAM,2,0.021,0.522,columnar/cuboidal epithelial cell@kidney,0.043,kidney_tubule@kidney,0.522,columnar/cuboidal epithelial cell@kidney,0.004,0.049,-0.473,True,,"['adrenal_cortical', 'cardiomyocyte', 'kidney_podocyte', 'kidney_tubule', 'neuron', 'pancreatic_islet', 'skeletal_myocyte']",[],True,NON-SELECTIVE (insufficient tumour coverage),False,NO_SINGLECELL_PROTEIN_DATA,True,held-out-donor replication DEFERRED (next pass) — treat selective as DISCOVERY shortlist
CD74 AND CEACAM5,AND,CD74,CEACAM5,2,0.009,0.527,tracheobronchial goblet cell@lung,0.015,skeletal_myocyte@bone marrow,0.527,tracheobronchial goblet cell@lung,0.001,0.012,-0.516,True,,"['adrenal_cortical', 'cardiomyocyte', 'kidney_podocyte', 'kidney_tubule', 'neuron', 'pancreatic_islet', 'skeletal_myocyte']",[],True,NON-SELECTIVE (insufficient tumour coverage),False,NO_SINGLECELL_PROTEIN_DATA,True,held-out-donor replication DEFERRED (next pass) — treat selective as DISCOVERY shortlist
ERBB2 AND CD24,AND,ERBB2,CD24,2,0.018,0.537,columnar/cuboidal epithelial cell@kidney,0.046,kidney_tubule@kidney,0.537,columnar/cuboidal epithelial cell@kidney,0.004,0.049,-0.488,True,,"['adrenal_cortical', 'cardiomyocyte', 'kidney_podocyte', 'kidney_tubule', 'neuron', 'pancreatic_islet', 'skeletal_myocyte']",[],True,NON-SELECTIVE (insufficient tumour coverage),False,NO_SINGLECELL_PROTEIN_DATA,True,held-out-donor replication DEFERRED (next pass) — treat selective as DISCOVERY shortlist
CD74 AND PROM1,AND,CD74,PROM1,2,0.013,0.551,early promyelocyte@bone marrow,0.015,pancreatic_islet@pancreas,0.551,early promyelocyte@bone marrow,0.001,0.036,-0.516,True,,"['adrenal_cortical', 'cardiomyocyte', 'kidney_podocyte', 'kidney_tubule', 'neuron', 'pancreatic_islet', 'skeletal_myocyte']",[],True,NON-SELECTIVE (insufficient tumour coverage),False,NO_SINGLECELL_PROTEIN_DATA,True,held-out-donor replication DEFERRED (next pass) — treat selective as DISCOVERY shortlist
CD74 AND CDH1,AND,CD74,CDH1,2,0.033,0.553,columnar/cuboidal epithelial cell@kidney,0.05,pancreatic_islet@pancreas,0.553,columnar/cuboidal epithelial cell@kidney,0.022,0.104,-0.449,True,,"['adrenal_cortical', 'cardiomyocyte', 'kidney_podocyte', 'kidney_tubule', 'neuron', 'pancreatic_islet', 'skeletal_myocyte']",[],True,NON-SELECTIVE (insufficient tumour coverage),False,NO_SINGLECELL_PROTEIN_DATA,True,held-out-donor replication DEFERRED (next pass) — treat selective as DISCOVERY shortlist
TACSTD2 AND MSLN,AND,TACSTD2,MSLN,2,0.016,0.555,tracheobronchial goblet cell@lung,0.015,skeletal_myocyte@bone marrow,0.555,tracheobronchial goblet cell@lung,0.001,0.022,-0.533,True,,"['adrenal_cortical', 'cardiomyocyte', 'kidney_podocyte', 'kidney_tubule', 'neuron', 'pancreatic_islet', 'skeletal_myocyte']",[],True,NON-SELECTIVE (insufficient tumour coverage),False,NO_SINGLECELL_PROTEIN_DATA,True,held-out-donor replication DEFERRED (next pass) — treat selective as DISCOVERY shortlist
CD74 AND MSLN,AND,CD74,MSLN,2,0.023,0.632,mesothelial cell of pleura@lung,0.015,skeletal_myocyte@bone marrow,0.632,mesothelial cell of pleura@lung,0.001,0.022,-0.61,True,,"['adrenal_cortical', 'cardiomyocyte', 'kidney_podocyte', 'kidney_tubule', 'neuron', 'pancreatic_islet', 'skeletal_myocyte']",[],True,NON-SELECTIVE (insufficient tumour coverage),False,NO_SINGLECELL_PROTEIN_DATA,True,held-out-donor replication DEFERRED (next pass) — treat selective as DISCOVERY shortlist
TACSTD2 AND CDH1,AND,TACSTD2,CDH1,2,0.028,0.651,columnar/cuboidal epithelial cell@kidney,0.139,pancreatic_islet@pancreas,0.651,columnar/cuboidal epithelial cell@kidney,0.004,0.173,-0.478,True,,"['adrenal_cortical', 'cardiomyocyte', 'kidney_podocyte', 'kidney_tubule', 'neuron', 'pancreatic_islet', 'skeletal_myocyte']",[],True,NON-SELECTIVE (insufficient tumour coverage),False,NO_SINGLECELL_PROTEIN_DATA,True,held-out-donor replication DEFERRED (next pass) — treat selective as DISCOVERY shortlist
MUC1 AND MUC16,AND,MUC1,MUC16,2,0.006,0.662,tracheobronchial goblet cell@lung,0.015,skeletal_myocyte@bone marrow,0.662,tracheobronchial goblet cell@lung,0.001,0.033,-0.629,True,,"['adrenal_cortical', 'cardiomyocyte', 'kidney_podocyte', 'kidney_tubule', 'neuron', 'pancreatic_islet', 'skeletal_myocyte']",[],True,NON-SELECTIVE (insufficient tumour coverage),False,NO_SINGLECELL_PROTEIN_DATA,True,held-out-donor replication DEFERRED (next pass) — treat selective as DISCOVERY shortlist
CD74 AND FOLR1,AND,CD74,FOLR1,2,0.05,0.69,respiratory goblet cell@lung,0.026,kidney_tubule@kidney,0.69,respiratory goblet cell@lung,0.008,0.05,-0.64,True,,"['adrenal_cortical', 'cardiomyocyte', 'kidney_podocyte', 'kidney_tubule', 'neuron', 'pancreatic_islet', 'skeletal_myocyte']",[],True,NON-SELECTIVE (insufficient tumour coverage),False,NO_SINGLECELL_PROTEIN_DATA,True,held-out-donor replication DEFERRED (next pass) — treat selective as DISCOVERY shortlist
TACSTD2 AND FOLR1,AND,TACSTD2,FOLR1,2,0.037,0.703,respiratory goblet cell@lung,0.015,skeletal_myocyte@bone marrow,0.703,respiratory goblet cell@lung,0.001,0.05,-0.653,True,,"['adrenal_cortical', 'cardiomyocyte', 'kidney_podocyte', 'kidney_tubule', 'neuron', 'pancreatic_islet', 'skeletal_myocyte']",[],True,NON-SELECTIVE (insufficient tumour coverage),False,NO_SINGLECELL_PROTEIN_DATA,True,held-out-donor replication DEFERRED (next pass) — treat selective as DISCOVERY shortlist
MUC1 AND FOLR1,AND,MUC1,FOLR1,2,0.036,0.706,respiratory goblet cell@lung,0.015,skeletal_myocyte@bone marrow,0.706,respiratory goblet cell@lung,0.001,0.05,-0.656,True,,"['adrenal_cortical', 'cardiomyocyte', 'kidney_podocyte', 'kidney_tubule', 'neuron', 'pancreatic_islet', 'skeletal_myocyte']",[],True,NON-SELECTIVE (insufficient tumour coverage),False,NO_SINGLECELL_PROTEIN_DATA,True,held-out-donor replication DEFERRED (next pass) — treat selective as DISCOVERY shortlist
CD74 AND EPCAM,AND,CD74,EPCAM,2,0.071,0.735,respiratory goblet cell@lung,0.132,kidney_tubule@kidney,0.735,respiratory goblet cell@lung,0.05,0.15,-0.585,True,,"['adrenal_cortical', 'cardiomyocyte', 'kidney_podocyte', 'kidney_tubule', 'neuron', 'pancreatic_islet', 'skeletal_myocyte']",[],True,NON-SELECTIVE (insufficient tumour coverage),False,NO_SINGLECELL_PROTEIN_DATA,True,held-out-donor replication DEFERRED (next pass) — treat selective as DISCOVERY shortlist
MUC1 AND CDH1,AND,MUC1,CDH1,2,0.028,0.761,columnar/cuboidal epithelial cell@kidney,0.052,pancreatic_islet@pancreas,0.761,columnar/cuboidal epithelial cell@kidney,0.003,0.059,-0.701,True,,"['adrenal_cortical', 'cardiomyocyte', 'kidney_podocyte', 'kidney_tubule', 'neuron', 'pancreatic_islet', 'skeletal_myocyte']",[],True,NON-SELECTIVE (insufficient tumour coverage),False,NO_SINGLECELL_PROTEIN_DATA,True,held-out-donor replication DEFERRED (next pass) — treat selective as DISCOVERY shortlist
TACSTD2 AND MUC16,AND,TACSTD2,MUC16,2,0.008,0.777,tracheobronchial goblet cell@lung,0.015,skeletal_myocyte@bone marrow,0.777,tracheobronchial goblet cell@lung,0.001,0.033,-0.744,True,,"['adrenal_cortical', 'cardiomyocyte', 'kidney_podocyte', 'kidney_tubule', 'neuron', 'pancreatic_islet', 'skeletal_myocyte']",[],True,NON-SELECTIVE (insufficient tumour coverage),False,NO_SINGLECELL_PROTEIN_DATA,True,held-out-donor replication DEFERRED (next pass) — treat selective as DISCOVERY shortlist
TACSTD2 AND EPCAM,AND,TACSTD2,EPCAM,2,0.059,0.877,pulmonary ionocyte@lung,0.191,pancreatic_islet@pancreas,0.877,pulmonary ionocyte@lung,0.014,0.173,-0.704,True,,"['adrenal_cortical', 'cardiomyocyte', 'kidney_podocyte', 'kidney_tubule', 'neuron', 'pancreatic_islet', 'skeletal_myocyte']",[],True,NON-SELECTIVE (insufficient tumour coverage),False,NO_SINGLECELL_PROTEIN_DATA,True,held-out-donor replication DEFERRED (next pass) — treat selective as DISCOVERY shortlist
CD74 AND MUC16,AND,CD74,MUC16,2,0.009,0.884,tracheobronchial goblet cell@lung,0.015,skeletal_myocyte@bone marrow,0.884,tracheobronchial goblet cell@lung,0.001,0.033,-0.851,True,,"['adrenal_cortical', 'cardiomyocyte', 'kidney_podocyte', 'kidney_tubule', 'neuron', 'pancreatic_islet', 'skeletal_myocyte']",[],True,NON-SELECTIVE (insufficient tumour coverage),False,NO_SINGLECELL_PROTEIN_DATA,True,held-out-donor replication DEFERRED (next pass) — treat selective as DISCOVERY shortlist
TACSTD2 AND CD24,AND,TACSTD2,CD24,2,0.05,0.895,pulmonary ionocyte@lung,0.238,pancreatic_islet@pancreas,0.895,pulmonary ionocyte@lung,0.023,0.173,-0.722,True,,"['adrenal_cortical', 'cardiomyocyte', 'kidney_podocyte', 'kidney_tubule', 'neuron', 'pancreatic_islet', 'skeletal_myocyte']",[],True,NON-SELECTIVE (insufficient tumour coverage),False,NO_SINGLECELL_PROTEIN_DATA,True,held-out-donor replication DEFERRED (next pass) — treat selective as DISCOVERY shortlist
MUC1 AND EPCAM,AND,MUC1,EPCAM,2,0.054,0.898,columnar/cuboidal epithelial cell@kidney,0.068,pancreatic_islet@pancreas,0.898,columnar/cuboidal epithelial cell@kidney,0.004,0.062,-0.836,True,,"['adrenal_cortical', 'cardiomyocyte', 'kidney_podocyte', 'kidney_tubule', 'neuron', 'pancreatic_islet', 'skeletal_myocyte']",[],True,NON-SELECTIVE (insufficient tumour coverage),False,NO_SINGLECELL_PROTEIN_DATA,True,held-out-donor replication DEFERRED (next pass) — treat selective as DISCOVERY shortlist
MUC1 AND CD24,AND,MUC1,CD24,2,0.041,0.917,columnar/cuboidal epithelial cell@kidney,0.089,pancreatic_islet@pancreas,0.917,columnar/cuboidal epithelial cell@kidney,0.009,0.062,-0.856,True,,"['adrenal_cortical', 'cardiomyocyte', 'kidney_podocyte', 'kidney_tubule', 'neuron', 'pancreatic_islet', 'skeletal_myocyte']",[],True,NON-SELECTIVE (insufficient tumour coverage),False,NO_SINGLECELL_PROTEIN_DATA,True,held-out-donor replication DEFERRED (next pass) — treat selective as DISCOVERY shortlist
CD74 AND CD24,AND,CD74,CD24,2,0.069,0.996,pro-B cell@lung,0.183,kidney_tubule@kidney,0.996,pro-B cell@lung,0.013,0.258,-0.737,True,,"['adrenal_cortical', 'cardiomyocyte', 'kidney_podocyte', 'kidney_tubule', 'neuron', 'pancreatic_islet', 'skeletal_myocyte']",[],True,NON-SELECTIVE (insufficient tumour coverage),False,NO_SINGLECELL_PROTEIN_DATA,True,held-out-donor replication DEFERRED (next pass) — treat selective as DISCOVERY shortlist
